{
    "MN Visualizer": {
        "Hair Thickness Profile": [
        [0,0.625],[0.25,1],[0.625,1],[1,0.375]
      ]
    },
    
    "MN Visualizer Guide": {
        "Hair Thickness Profile": [
        [0,0.625],[0.25,1],[0.625,1],[1,0.375]
      ]
    },
    
    
    "MN Noise": {
      "Noise Scale Profile": [
        [0,0],[1,1]
      ],
      "Noise Frequency": [
        [0,0],[1,1]
      ]
    },
    "MN Curl": {},
    "MN Clump": {
      "Clump Profile": [
        [0,1],[1,0]
      ]
    },
    "MN Trim": {},
    "MN Guide": {},
    "MN Braid": {
        "Braid Thickness Profile": [ [0,1],[0.75,1],[0.95,0.04],[1,0] ],
        "Braid Scale Profile": [ [0,1],[0.75,1],[0.625,1],[1,0.375] ]
    },
    "MN Children": {}
  }